Timestamp,gpu,socket_power,gfx_voltage,soc_voltage,mem_voltage,throttle_status,power_management,gfx_0_clk,gfx_0_min_clk,gfx_0_max_clk,gfx_0_clk_locked,gfx_0_deep_sleep,gfx_1_clk,gfx_1_min_clk,gfx_1_max_clk,gfx_1_clk_locked,gfx_1_deep_sleep,gfx_2_clk,gfx_2_min_clk,gfx_2_max_clk,gfx_2_clk_locked,gfx_2_deep_sleep,gfx_3_clk,gfx_3_min_clk,gfx_3_max_clk,gfx_3_clk_locked,gfx_3_deep_sleep,gfx_4_clk,gfx_4_min_clk,gfx_4_max_clk,gfx_4_clk_locked,gfx_4_deep_sleep,gfx_5_clk,gfx_5_min_clk,gfx_5_max_clk,gfx_5_clk_locked,gfx_5_deep_sleep,gfx_6_clk,gfx_6_min_clk,gfx_6_max_clk,gfx_6_clk_locked,gfx_6_deep_sleep,gfx_7_clk,gfx_7_min_clk,gfx_7_max_clk,gfx_7_clk_locked,gfx_7_deep_sleep,mem_0_clk,mem_0_min_clk,mem_0_max_clk,mem_0_clk_locked,mem_0_deep_sleep,vclk_0_clk,vclk_0_min_clk,vclk_0_max_clk,vclk_0_clk_locked,vclk_0_deep_sleep,vclk_1_clk,vclk_1_min_clk,vclk_1_max_clk,vclk_1_clk_locked,vclk_1_deep_sleep,vclk_2_clk,vclk_2_min_clk,vclk_2_max_clk,vclk_2_clk_locked,vclk_2_deep_sleep,vclk_3_clk,vclk_3_min_clk,vclk_3_max_clk,vclk_3_clk_locked,vclk_3_deep_sleep,dclk_0_clk,dclk_0_min_clk,dclk_0_max_clk,dclk_0_clk_locked,dclk_0_deep_sleep,dclk_1_clk,dclk_1_min_clk,dclk_1_max_clk,dclk_1_clk_locked,dclk_1_deep_sleep,dclk_2_clk,dclk_2_min_clk,dclk_2_max_clk,dclk_2_clk_locked,dclk_2_deep_sleep,dclk_3_clk,dclk_3_min_clk,dclk_3_max_clk,dclk_3_clk_locked,dclk_3_deep_sleep,edge,hotspot,mem
1743771699,0,120,N/A,N/A,N/A,N/A,ENABLED,143,145,2100,DISABLED,DISABLED,131,145,2100,DISABLED,ENABLED,131,145,2100,DISABLED,ENABLED,132,145,2100,DISABLED,ENABLED,132,145,2100,DISABLED,ENABLED,132,145,2100,DISABLED,ENABLED,132,145,2100,DISABLED,ENABLED,132,145,2100,DISABLED,ENABLED,900,900,1500,N/A,DISABLED,29,914,1680,N/A,ENABLED,29,914,1680,N/A,ENABLED,29,914,1680,N/A,ENABLED,29,914,1680,N/A,ENABLED,22,711,1400,N/A,ENABLED,22,711,1400,N/A,ENABLED,22,711,1400,N/A,ENABLED,22,711,1400,N/A,ENABLED,N/A,43,42
1743771701,0,119,N/A,N/A,N/A,N/A,ENABLED,134,500,2100,DISABLED,ENABLED,131,500,2100,DISABLED,ENABLED,131,500,2100,DISABLED,ENABLED,132,500,2100,DISABLED,ENABLED,132,500,2100,DISABLED,ENABLED,132,500,2100,DISABLED,ENABLED,132,500,2100,DISABLED,ENABLED,132,500,2100,DISABLED,ENABLED,900,900,1500,N/A,DISABLED,29,914,1680,N/A,ENABLED,29,914,1680,N/A,ENABLED,29,914,1680,N/A,ENABLED,29,914,1680,N/A,ENABLED,22,711,1400,N/A,ENABLED,22,711,1400,N/A,ENABLED,22,711,1400,N/A,ENABLED,22,711,1400,N/A,ENABLED,N/A,43,41
1743771702,0,119,N/A,N/A,N/A,N/A,ENABLED,133,500,2100,DISABLED,ENABLED,131,500,2100,DISABLED,ENABLED,131,500,2100,DISABLED,ENABLED,132,500,2100,DISABLED,ENABLED,132,500,2100,DISABLED,ENABLED,132,500,2100,DISABLED,ENABLED,132,500,2100,DISABLED,ENABLED,132,500,2100,DISABLED,ENABLED,900,900,1500,N/A,DISABLED,29,914,1680,N/A,ENABLED,29,914,1680,N/A,ENABLED,29,914,1680,N/A,ENABLED,29,914,1680,N/A,ENABLED,22,711,1400,N/A,ENABLED,22,711,1400,N/A,ENABLED,22,711,1400,N/A,ENABLED,22,711,1400,N/A,ENABLED,N/A,43,42
1743771703,0,120,N/A,N/A,N/A,N/A,ENABLED,132,500,2100,DISABLED,ENABLED,131,500,2100,DISABLED,ENABLED,131,500,2100,DISABLED,ENABLED,132,500,2100,DISABLED,ENABLED,132,500,2100,DISABLED,ENABLED,132,500,2100,DISABLED,ENABLED,132,500,2100,DISABLED,ENABLED,132,500,2100,DISABLED,ENABLED,900,900,1500,N/A,DISABLED,29,914,1680,N/A,ENABLED,29,914,1680,N/A,ENABLED,29,914,1680,N/A,ENABLED,29,914,1680,N/A,ENABLED,22,711,1400,N/A,ENABLED,22,711,1400,N/A,ENABLED,22,711,1400,N/A,ENABLED,22,711,1400,N/A,ENABLED,N/A,43,42
1743771704,0,120,N/A,N/A,N/A,N/A,ENABLED,133,500,2100,DISABLED,ENABLED,131,500,2100,DISABLED,ENABLED,131,500,2100,DISABLED,ENABLED,132,500,2100,DISABLED,ENABLED,132,500,2100,DISABLED,ENABLED,132,500,2100,DISABLED,ENABLED,132,500,2100,DISABLED,ENABLED,132,500,2100,DISABLED,ENABLED,900,900,1500,N/A,DISABLED,29,914,1680,N/A,ENABLED,29,914,1680,N/A,ENABLED,29,914,1680,N/A,ENABLED,29,914,1680,N/A,ENABLED,22,711,1400,N/A,ENABLED,22,711,1400,N/A,ENABLED,22,711,1400,N/A,ENABLED,22,711,1400,N/A,ENABLED,N/A,43,41
1743771705,0,119,N/A,N/A,N/A,N/A,ENABLED,132,500,2100,DISABLED,ENABLED,131,500,2100,DISABLED,ENABLED,131,500,2100,DISABLED,ENABLED,132,500,2100,DISABLED,ENABLED,132,500,2100,DISABLED,ENABLED,132,500,2100,DISABLED,ENABLED,132,500,2100,DISABLED,ENABLED,132,500,2100,DISABLED,ENABLED,900,900,1500,N/A,DISABLED,29,914,1680,N/A,ENABLED,29,914,1680,N/A,ENABLED,29,914,1680,N/A,ENABLED,29,914,1680,N/A,ENABLED,22,711,1400,N/A,ENABLED,22,711,1400,N/A,ENABLED,22,711,1400,N/A,ENABLED,22,711,1400,N/A,ENABLED,N/A,43,42
1743771706,0,119,N/A,N/A,N/A,N/A,ENABLED,132,500,2100,DISABLED,ENABLED,131,500,2100,DISABLED,ENABLED,131,500,2100,DISABLED,ENABLED,132,500,2100,DISABLED,ENABLED,132,500,2100,DISABLED,ENABLED,132,500,2100,DISABLED,ENABLED,132,500,2100,DISABLED,ENABLED,132,500,2100,DISABLED,ENABLED,900,900,1500,N/A,DISABLED,29,914,1680,N/A,ENABLED,29,914,1680,N/A,ENABLED,29,914,1680,N/A,ENABLED,29,914,1680,N/A,ENABLED,22,711,1400,N/A,ENABLED,22,711,1400,N/A,ENABLED,22,711,1400,N/A,ENABLED,22,711,1400,N/A,ENABLED,N/A,43,41
1743771708,0,120,N/A,N/A,N/A,N/A,ENABLED,132,500,2100,DISABLED,ENABLED,131,500,2100,DISABLED,ENABLED,131,500,2100,DISABLED,ENABLED,132,500,2100,DISABLED,ENABLED,132,500,2100,DISABLED,ENABLED,132,500,2100,DISABLED,ENABLED,132,500,2100,DISABLED,ENABLED,132,500,2100,DISABLED,ENABLED,900,900,1500,N/A,DISABLED,29,914,1680,N/A,ENABLED,29,914,1680,N/A,ENABLED,29,914,1680,N/A,ENABLED,29,914,1680,N/A,ENABLED,22,711,1400,N/A,ENABLED,22,711,1400,N/A,ENABLED,22,711,1400,N/A,ENABLED,22,711,1400,N/A,ENABLED,N/A,43,42
1743771709,0,120,N/A,N/A,N/A,N/A,ENABLED,132,500,2100,DISABLED,ENABLED,131,500,2100,DISABLED,ENABLED,131,500,2100,DISABLED,ENABLED,132,500,2100,DISABLED,ENABLED,132,500,2100,DISABLED,ENABLED,132,500,2100,DISABLED,ENABLED,132,500,2100,DISABLED,ENABLED,132,500,2100,DISABLED,ENABLED,900,900,1500,N/A,DISABLED,29,914,1680,N/A,ENABLED,29,914,1680,N/A,ENABLED,29,914,1680,N/A,ENABLED,29,914,1680,N/A,ENABLED,22,711,1400,N/A,ENABLED,22,711,1400,N/A,ENABLED,22,711,1400,N/A,ENABLED,22,711,1400,N/A,ENABLED,N/A,43,42
1743771710,0,120,N/A,N/A,N/A,N/A,ENABLED,132,500,2100,DISABLED,ENABLED,131,500,2100,DISABLED,ENABLED,131,500,2100,DISABLED,ENABLED,132,500,2100,DISABLED,ENABLED,132,500,2100,DISABLED,ENABLED,132,500,2100,DISABLED,ENABLED,132,500,2100,DISABLED,ENABLED,132,500,2100,DISABLED,ENABLED,900,900,1500,N/A,DISABLED,29,914,1680,N/A,ENABLED,29,914,1680,N/A,ENABLED,29,914,1680,N/A,ENABLED,29,914,1680,N/A,ENABLED,22,711,1400,N/A,ENABLED,22,711,1400,N/A,ENABLED,22,711,1400,N/A,ENABLED,22,711,1400,N/A,ENABLED,N/A,43,42
1743771711,0,745,N/A,N/A,N/A,N/A,ENABLED,1358,500,2100,DISABLED,DISABLED,1344,500,2100,DISABLED,DISABLED,1359,500,2100,DISABLED,DISABLED,1348,500,2100,DISABLED,DISABLED,1368,500,2100,DISABLED,DISABLED,1355,500,2100,DISABLED,DISABLED,1364,500,2100,DISABLED,DISABLED,1340,500,2100,DISABLED,DISABLED,1296,900,1500,N/A,DISABLED,42,914,1680,N/A,ENABLED,42,914,1680,N/A,ENABLED,42,914,1680,N/A,ENABLED,42,914,1680,N/A,ENABLED,36,711,1400,N/A,ENABLED,36,711,1400,N/A,ENABLED,36,711,1400,N/A,ENABLED,36,711,1400,N/A,ENABLED,N/A,45,59
1743771712,0,750,N/A,N/A,N/A,N/A,ENABLED,1344,500,2100,DISABLED,DISABLED,1329,500,2100,DISABLED,DISABLED,1343,500,2100,DISABLED,DISABLED,1334,500,2100,DISABLED,DISABLED,1353,500,2100,DISABLED,DISABLED,1338,500,2100,DISABLED,DISABLED,1347,500,2100,DISABLED,DISABLED,1321,500,2100,DISABLED,DISABLED,1300,900,1500,N/A,DISABLED,42,914,1680,N/A,ENABLED,42,914,1680,N/A,ENABLED,42,914,1680,N/A,ENABLED,42,914,1680,N/A,ENABLED,36,711,1400,N/A,ENABLED,36,711,1400,N/A,ENABLED,36,711,1400,N/A,ENABLED,36,711,1400,N/A,ENABLED,N/A,50,62
1743771713,0,750,N/A,N/A,N/A,N/A,ENABLED,1338,500,2100,DISABLED,DISABLED,1323,500,2100,DISABLED,DISABLED,1337,500,2100,DISABLED,DISABLED,1328,500,2100,DISABLED,DISABLED,1346,500,2100,DISABLED,DISABLED,1332,500,2100,DISABLED,DISABLED,1341,500,2100,DISABLED,DISABLED,1316,500,2100,DISABLED,DISABLED,1300,900,1500,N/A,DISABLED,42,914,1680,N/A,ENABLED,42,914,1680,N/A,ENABLED,42,914,1680,N/A,ENABLED,42,914,1680,N/A,ENABLED,36,711,1400,N/A,ENABLED,36,711,1400,N/A,ENABLED,36,711,1400,N/A,ENABLED,36,711,1400,N/A,ENABLED,N/A,52,63
1743771715,0,750,N/A,N/A,N/A,N/A,ENABLED,1335,500,2100,DISABLED,DISABLED,1319,500,2100,DISABLED,DISABLED,1335,500,2100,DISABLED,DISABLED,1326,500,2100,DISABLED,DISABLED,1345,500,2100,DISABLED,DISABLED,1329,500,2100,DISABLED,DISABLED,1339,500,2100,DISABLED,DISABLED,1315,500,2100,DISABLED,DISABLED,1300,900,1500,N/A,DISABLED,42,914,1680,N/A,ENABLED,42,914,1680,N/A,ENABLED,42,914,1680,N/A,ENABLED,42,914,1680,N/A,ENABLED,36,711,1400,N/A,ENABLED,36,711,1400,N/A,ENABLED,36,711,1400,N/A,ENABLED,36,711,1400,N/A,ENABLED,N/A,53,63
1743771716,0,750,N/A,N/A,N/A,N/A,ENABLED,1394,500,2100,DISABLED,DISABLED,1379,500,2100,DISABLED,DISABLED,1399,500,2100,DISABLED,DISABLED,1387,500,2100,DISABLED,DISABLED,1409,500,2100,DISABLED,DISABLED,1397,500,2100,DISABLED,DISABLED,1401,500,2100,DISABLED,DISABLED,1376,500,2100,DISABLED,DISABLED,1300,900,1500,N/A,DISABLED,42,914,1680,N/A,ENABLED,42,914,1680,N/A,ENABLED,42,914,1680,N/A,ENABLED,42,914,1680,N/A,ENABLED,36,711,1400,N/A,ENABLED,36,711,1400,N/A,ENABLED,36,711,1400,N/A,ENABLED,36,711,1400,N/A,ENABLED,N/A,54,64
1743771717,0,750,N/A,N/A,N/A,N/A,ENABLED,1343,500,2100,DISABLED,DISABLED,1328,500,2100,DISABLED,DISABLED,1342,500,2100,DISABLED,DISABLED,1331,500,2100,DISABLED,DISABLED,1351,500,2100,DISABLED,DISABLED,1336,500,2100,DISABLED,DISABLED,1347,500,2100,DISABLED,DISABLED,1322,500,2100,DISABLED,DISABLED,1300,900,1500,N/A,DISABLED,42,914,1680,N/A,ENABLED,42,914,1680,N/A,ENABLED,42,914,1680,N/A,ENABLED,42,914,1680,N/A,ENABLED,36,711,1400,N/A,ENABLED,36,711,1400,N/A,ENABLED,36,711,1400,N/A,ENABLED,36,711,1400,N/A,ENABLED,N/A,55,64
1743771718,0,750,N/A,N/A,N/A,N/A,ENABLED,1324,500,2100,DISABLED,DISABLED,1309,500,2100,DISABLED,DISABLED,1325,500,2100,DISABLED,DISABLED,1314,500,2100,DISABLED,DISABLED,1334,500,2100,DISABLED,DISABLED,1319,500,2100,DISABLED,DISABLED,1325,500,2100,DISABLED,DISABLED,1300,500,2100,DISABLED,DISABLED,1300,900,1500,N/A,DISABLED,42,914,1680,N/A,ENABLED,42,914,1680,N/A,ENABLED,42,914,1680,N/A,ENABLED,42,914,1680,N/A,ENABLED,36,711,1400,N/A,ENABLED,36,711,1400,N/A,ENABLED,36,711,1400,N/A,ENABLED,36,711,1400,N/A,ENABLED,N/A,55,65
1743771719,0,750,N/A,N/A,N/A,N/A,ENABLED,1317,500,2100,DISABLED,DISABLED,1302,500,2100,DISABLED,DISABLED,1318,500,2100,DISABLED,DISABLED,1306,500,2100,DISABLED,DISABLED,1326,500,2100,DISABLED,DISABLED,1312,500,2100,DISABLED,DISABLED,1319,500,2100,DISABLED,DISABLED,1293,500,2100,DISABLED,DISABLED,1300,900,1500,N/A,DISABLED,42,914,1680,N/A,ENABLED,42,914,1680,N/A,ENABLED,42,914,1680,N/A,ENABLED,42,914,1680,N/A,ENABLED,36,711,1400,N/A,ENABLED,36,711,1400,N/A,ENABLED,36,711,1400,N/A,ENABLED,36,711,1400,N/A,ENABLED,N/A,56,65
1743771721,0,750,N/A,N/A,N/A,N/A,ENABLED,1318,500,2100,DISABLED,DISABLED,1304,500,2100,DISABLED,DISABLED,1318,500,2100,DISABLED,DISABLED,1307,500,2100,DISABLED,DISABLED,1327,500,2100,DISABLED,DISABLED,1314,500,2100,DISABLED,DISABLED,1320,500,2100,DISABLED,DISABLED,1295,500,2100,DISABLED,DISABLED,1300,900,1500,N/A,DISABLED,42,914,1680,N/A,ENABLED,42,914,1680,N/A,ENABLED,42,914,1680,N/A,ENABLED,42,914,1680,N/A,ENABLED,36,711,1400,N/A,ENABLED,36,711,1400,N/A,ENABLED,36,711,1400,N/A,ENABLED,36,711,1400,N/A,ENABLED,N/A,56,66
1743771722,0,750,N/A,N/A,N/A,N/A,ENABLED,1340,500,2100,DISABLED,DISABLED,1323,500,2100,DISABLED,DISABLED,1338,500,2100,DISABLED,DISABLED,1327,500,2100,DISABLED,DISABLED,1349,500,2100,DISABLED,DISABLED,1333,500,2100,DISABLED,DISABLED,1342,500,2100,DISABLED,DISABLED,1316,500,2100,DISABLED,DISABLED,1300,900,1500,N/A,DISABLED,42,914,1680,N/A,ENABLED,42,914,1680,N/A,ENABLED,42,914,1680,N/A,ENABLED,42,914,1680,N/A,ENABLED,36,711,1400,N/A,ENABLED,36,711,1400,N/A,ENABLED,36,711,1400,N/A,ENABLED,36,711,1400,N/A,ENABLED,N/A,57,65
1743771723,0,749,N/A,N/A,N/A,N/A,ENABLED,1323,500,2100,DISABLED,DISABLED,1308,500,2100,DISABLED,DISABLED,1323,500,2100,DISABLED,DISABLED,1310,500,2100,DISABLED,DISABLED,1333,500,2100,DISABLED,DISABLED,1319,500,2100,DISABLED,DISABLED,1324,500,2100,DISABLED,DISABLED,1299,500,2100,DISABLED,DISABLED,1300,900,1500,N/A,DISABLED,42,914,1680,N/A,ENABLED,42,914,1680,N/A,ENABLED,42,914,1680,N/A,ENABLED,42,914,1680,N/A,ENABLED,36,711,1400,N/A,ENABLED,36,711,1400,N/A,ENABLED,36,711,1400,N/A,ENABLED,36,711,1400,N/A,ENABLED,N/A,57,66
1743771724,0,750,N/A,N/A,N/A,N/A,ENABLED,1310,500,2100,DISABLED,DISABLED,1295,500,2100,DISABLED,DISABLED,1312,500,2100,DISABLED,DISABLED,1300,500,2100,DISABLED,DISABLED,1321,500,2100,DISABLED,DISABLED,1306,500,2100,DISABLED,DISABLED,1312,500,2100,DISABLED,DISABLED,1288,500,2100,DISABLED,DISABLED,1300,900,1500,N/A,DISABLED,42,914,1680,N/A,ENABLED,42,914,1680,N/A,ENABLED,42,914,1680,N/A,ENABLED,42,914,1680,N/A,ENABLED,36,711,1400,N/A,ENABLED,36,711,1400,N/A,ENABLED,36,711,1400,N/A,ENABLED,36,711,1400,N/A,ENABLED,N/A,58,67
1743771725,0,750,N/A,N/A,N/A,N/A,ENABLED,1306,500,2100,DISABLED,DISABLED,1292,500,2100,DISABLED,DISABLED,1309,500,2100,DISABLED,DISABLED,1296,500,2100,DISABLED,DISABLED,1316,500,2100,DISABLED,DISABLED,1303,500,2100,DISABLED,DISABLED,1308,500,2100,DISABLED,DISABLED,1284,500,2100,DISABLED,DISABLED,1300,900,1500,N/A,DISABLED,42,914,1680,N/A,ENABLED,42,914,1680,N/A,ENABLED,42,914,1680,N/A,ENABLED,42,914,1680,N/A,ENABLED,36,711,1400,N/A,ENABLED,36,711,1400,N/A,ENABLED,36,711,1400,N/A,ENABLED,36,711,1400,N/A,ENABLED,N/A,58,67
1743771726,0,744,N/A,N/A,N/A,N/A,ENABLED,1379,500,2100,DISABLED,DISABLED,1364,500,2100,DISABLED,DISABLED,1381,500,2100,DISABLED,DISABLED,1369,500,2100,DISABLED,DISABLED,1389,500,2100,DISABLED,DISABLED,1375,500,2100,DISABLED,DISABLED,1383,500,2100,DISABLED,DISABLED,1359,500,2100,DISABLED,DISABLED,1300,900,1500,N/A,DISABLED,42,914,1680,N/A,ENABLED,42,914,1680,N/A,ENABLED,42,914,1680,N/A,ENABLED,42,914,1680,N/A,ENABLED,36,711,1400,N/A,ENABLED,36,711,1400,N/A,ENABLED,36,711,1400,N/A,ENABLED,36,711,1400,N/A,ENABLED,N/A,58,67
1743771728,0,750,N/A,N/A,N/A,N/A,ENABLED,1307,500,2100,DISABLED,DISABLED,1293,500,2100,DISABLED,DISABLED,1310,500,2100,DISABLED,DISABLED,1296,500,2100,DISABLED,DISABLED,1317,500,2100,DISABLED,DISABLED,1304,500,2100,DISABLED,DISABLED,1310,500,2100,DISABLED,DISABLED,1284,500,2100,DISABLED,DISABLED,1300,900,1500,N/A,DISABLED,42,914,1680,N/A,ENABLED,42,914,1680,N/A,ENABLED,42,914,1680,N/A,ENABLED,42,914,1680,N/A,ENABLED,36,711,1400,N/A,ENABLED,36,711,1400,N/A,ENABLED,36,711,1400,N/A,ENABLED,36,711,1400,N/A,ENABLED,N/A,59,68
1743771729,0,750,N/A,N/A,N/A,N/A,ENABLED,1296,500,2100,DISABLED,DISABLED,1282,500,2100,DISABLED,DISABLED,1302,500,2100,DISABLED,DISABLED,1288,500,2100,DISABLED,DISABLED,1308,500,2100,DISABLED,DISABLED,1296,500,2100,DISABLED,DISABLED,1302,500,2100,DISABLED,DISABLED,1277,500,2100,DISABLED,DISABLED,1300,900,1500,N/A,DISABLED,42,914,1680,N/A,ENABLED,42,914,1680,N/A,ENABLED,42,914,1680,N/A,ENABLED,42,914,1680,N/A,ENABLED,36,711,1400,N/A,ENABLED,36,711,1400,N/A,ENABLED,36,711,1400,N/A,ENABLED,36,711,1400,N/A,ENABLED,N/A,59,68
1743771730,0,750,N/A,N/A,N/A,N/A,ENABLED,1296,500,2100,DISABLED,DISABLED,1281,500,2100,DISABLED,DISABLED,1300,500,2100,DISABLED,DISABLED,1287,500,2100,DISABLED,DISABLED,1308,500,2100,DISABLED,DISABLED,1295,500,2100,DISABLED,DISABLED,1301,500,2100,DISABLED,DISABLED,1276,500,2100,DISABLED,DISABLED,1300,900,1500,N/A,DISABLED,42,914,1680,N/A,ENABLED,42,914,1680,N/A,ENABLED,42,914,1680,N/A,ENABLED,42,914,1680,N/A,ENABLED,36,711,1400,N/A,ENABLED,36,711,1400,N/A,ENABLED,36,711,1400,N/A,ENABLED,36,711,1400,N/A,ENABLED,N/A,59,69
1743771731,0,749,N/A,N/A,N/A,N/A,ENABLED,1305,500,2100,DISABLED,DISABLED,1290,500,2100,DISABLED,DISABLED,1310,500,2100,DISABLED,DISABLED,1297,500,2100,DISABLED,DISABLED,1319,500,2100,DISABLED,DISABLED,1305,500,2100,DISABLED,DISABLED,1311,500,2100,DISABLED,DISABLED,1286,500,2100,DISABLED,DISABLED,1300,900,1500,N/A,DISABLED,42,914,1680,N/A,ENABLED,42,914,1680,N/A,ENABLED,42,914,1680,N/A,ENABLED,42,914,1680,N/A,ENABLED,36,711,1400,N/A,ENABLED,36,711,1400,N/A,ENABLED,36,711,1400,N/A,ENABLED,36,711,1400,N/A,ENABLED,N/A,60,69
1743771732,0,750,N/A,N/A,N/A,N/A,ENABLED,1320,500,2100,DISABLED,DISABLED,1304,500,2100,DISABLED,DISABLED,1322,500,2100,DISABLED,DISABLED,1309,500,2100,DISABLED,DISABLED,1330,500,2100,DISABLED,DISABLED,1317,500,2100,DISABLED,DISABLED,1323,500,2100,DISABLED,DISABLED,1297,500,2100,DISABLED,DISABLED,1300,900,1500,N/A,DISABLED,42,914,1680,N/A,ENABLED,42,914,1680,N/A,ENABLED,42,914,1680,N/A,ENABLED,42,914,1680,N/A,ENABLED,36,711,1400,N/A,ENABLED,36,711,1400,N/A,ENABLED,36,711,1400,N/A,ENABLED,36,711,1400,N/A,ENABLED,N/A,60,69
1743771734,0,750,N/A,N/A,N/A,N/A,ENABLED,1296,500,2100,DISABLED,DISABLED,1283,500,2100,DISABLED,DISABLED,1303,500,2100,DISABLED,DISABLED,1288,500,2100,DISABLED,DISABLED,1308,500,2100,DISABLED,DISABLED,1297,500,2100,DISABLED,DISABLED,1302,500,2100,DISABLED,DISABLED,1276,500,2100,DISABLED,DISABLED,1300,900,1500,N/A,DISABLED,42,914,1680,N/A,ENABLED,42,914,1680,N/A,ENABLED,42,914,1680,N/A,ENABLED,42,914,1680,N/A,ENABLED,36,711,1400,N/A,ENABLED,36,711,1400,N/A,ENABLED,36,711,1400,N/A,ENABLED,36,711,1400,N/A,ENABLED,N/A,60,69
1743771735,0,750,N/A,N/A,N/A,N/A,ENABLED,1298,500,2100,DISABLED,DISABLED,1283,500,2100,DISABLED,DISABLED,1303,500,2100,DISABLED,DISABLED,1289,500,2100,DISABLED,DISABLED,1309,500,2100,DISABLED,DISABLED,1297,500,2100,DISABLED,DISABLED,1302,500,2100,DISABLED,DISABLED,1276,500,2100,DISABLED,DISABLED,1300,900,1500,N/A,DISABLED,42,914,1680,N/A,ENABLED,42,914,1680,N/A,ENABLED,42,914,1680,N/A,ENABLED,42,914,1680,N/A,ENABLED,36,711,1400,N/A,ENABLED,36,711,1400,N/A,ENABLED,36,711,1400,N/A,ENABLED,36,711,1400,N/A,ENABLED,N/A,61,70
1743771736,0,750,N/A,N/A,N/A,N/A,ENABLED,1294,500,2100,DISABLED,DISABLED,1280,500,2100,DISABLED,DISABLED,1300,500,2100,DISABLED,DISABLED,1284,500,2100,DISABLED,DISABLED,1306,500,2100,DISABLED,DISABLED,1293,500,2100,DISABLED,DISABLED,1299,500,2100,DISABLED,DISABLED,1273,500,2100,DISABLED,DISABLED,1300,900,1500,N/A,DISABLED,42,914,1680,N/A,ENABLED,42,914,1680,N/A,ENABLED,42,914,1680,N/A,ENABLED,42,914,1680,N/A,ENABLED,36,711,1400,N/A,ENABLED,36,711,1400,N/A,ENABLED,36,711,1400,N/A,ENABLED,36,711,1400,N/A,ENABLED,N/A,61,70
1743771737,0,676,N/A,N/A,N/A,N/A,ENABLED,1561,500,2100,DISABLED,DISABLED,1544,500,2100,DISABLED,DISABLED,1561,500,2100,DISABLED,DISABLED,1554,500,2100,DISABLED,DISABLED,1575,500,2100,DISABLED,DISABLED,1557,500,2100,DISABLED,DISABLED,1568,500,2100,DISABLED,DISABLED,1542,500,2100,DISABLED,DISABLED,1339,900,1500,N/A,DISABLED,44,914,1680,N/A,ENABLED,44,914,1680,N/A,ENABLED,44,914,1680,N/A,ENABLED,44,914,1680,N/A,ENABLED,37,711,1400,N/A,ENABLED,37,711,1400,N/A,ENABLED,37,711,1400,N/A,ENABLED,37,711,1400,N/A,ENABLED,N/A,61,64
1743771738,0,750,N/A,N/A,N/A,N/A,ENABLED,1293,500,2100,DISABLED,DISABLED,1278,500,2100,DISABLED,DISABLED,1298,500,2100,DISABLED,DISABLED,1283,500,2100,DISABLED,DISABLED,1305,500,2100,DISABLED,DISABLED,1294,500,2100,DISABLED,DISABLED,1298,500,2100,DISABLED,DISABLED,1271,500,2100,DISABLED,DISABLED,1300,900,1500,N/A,DISABLED,42,914,1680,N/A,ENABLED,42,914,1680,N/A,ENABLED,42,914,1680,N/A,ENABLED,42,914,1680,N/A,ENABLED,36,711,1400,N/A,ENABLED,36,711,1400,N/A,ENABLED,36,711,1400,N/A,ENABLED,36,711,1400,N/A,ENABLED,N/A,61,70
1743771739,0,750,N/A,N/A,N/A,N/A,ENABLED,1286,500,2100,DISABLED,DISABLED,1272,500,2100,DISABLED,DISABLED,1295,500,2100,DISABLED,DISABLED,1279,500,2100,DISABLED,DISABLED,1300,500,2100,DISABLED,DISABLED,1287,500,2100,DISABLED,DISABLED,1294,500,2100,DISABLED,DISABLED,1268,500,2100,DISABLED,DISABLED,1300,900,1500,N/A,DISABLED,42,914,1680,N/A,ENABLED,42,914,1680,N/A,ENABLED,42,914,1680,N/A,ENABLED,42,914,1680,N/A,ENABLED,36,711,1400,N/A,ENABLED,36,711,1400,N/A,ENABLED,36,711,1400,N/A,ENABLED,36,711,1400,N/A,ENABLED,N/A,61,70
1743771741,0,750,N/A,N/A,N/A,N/A,ENABLED,1278,500,2100,DISABLED,DISABLED,1263,500,2100,DISABLED,DISABLED,1286,500,2100,DISABLED,DISABLED,1270,500,2100,DISABLED,DISABLED,1293,500,2100,DISABLED,DISABLED,1280,500,2100,DISABLED,DISABLED,1285,500,2100,DISABLED,DISABLED,1258,500,2100,DISABLED,DISABLED,1300,900,1500,N/A,DISABLED,42,914,1680,N/A,ENABLED,42,914,1680,N/A,ENABLED,42,914,1680,N/A,ENABLED,42,914,1680,N/A,ENABLED,36,711,1400,N/A,ENABLED,36,711,1400,N/A,ENABLED,36,711,1400,N/A,ENABLED,36,711,1400,N/A,ENABLED,N/A,61,71
1743771742,0,749,N/A,N/A,N/A,N/A,ENABLED,1306,500,2100,DISABLED,DISABLED,1290,500,2100,DISABLED,DISABLED,1312,500,2100,DISABLED,DISABLED,1298,500,2100,DISABLED,DISABLED,1321,500,2100,DISABLED,DISABLED,1307,500,2100,DISABLED,DISABLED,1312,500,2100,DISABLED,DISABLED,1286,500,2100,DISABLED,DISABLED,1300,900,1500,N/A,DISABLED,42,914,1680,N/A,ENABLED,42,914,1680,N/A,ENABLED,42,914,1680,N/A,ENABLED,42,914,1680,N/A,ENABLED,36,711,1400,N/A,ENABLED,36,711,1400,N/A,ENABLED,36,711,1400,N/A,ENABLED,36,711,1400,N/A,ENABLED,N/A,61,71
1743771743,0,749,N/A,N/A,N/A,N/A,ENABLED,1297,500,2100,DISABLED,DISABLED,1282,500,2100,DISABLED,DISABLED,1303,500,2100,DISABLED,DISABLED,1288,500,2100,DISABLED,DISABLED,1310,500,2100,DISABLED,DISABLED,1297,500,2100,DISABLED,DISABLED,1303,500,2100,DISABLED,DISABLED,1276,500,2100,DISABLED,DISABLED,1300,900,1500,N/A,DISABLED,42,914,1680,N/A,ENABLED,42,914,1680,N/A,ENABLED,42,914,1680,N/A,ENABLED,42,914,1680,N/A,ENABLED,36,711,1400,N/A,ENABLED,36,711,1400,N/A,ENABLED,36,711,1400,N/A,ENABLED,36,711,1400,N/A,ENABLED,N/A,62,70
1743771744,0,750,N/A,N/A,N/A,N/A,ENABLED,1296,500,2100,DISABLED,DISABLED,1281,500,2100,DISABLED,DISABLED,1300,500,2100,DISABLED,DISABLED,1285,500,2100,DISABLED,DISABLED,1307,500,2100,DISABLED,DISABLED,1294,500,2100,DISABLED,DISABLED,1299,500,2100,DISABLED,DISABLED,1273,500,2100,DISABLED,DISABLED,1300,900,1500,N/A,DISABLED,42,914,1680,N/A,ENABLED,42,914,1680,N/A,ENABLED,42,914,1680,N/A,ENABLED,42,914,1680,N/A,ENABLED,36,711,1400,N/A,ENABLED,36,711,1400,N/A,ENABLED,36,711,1400,N/A,ENABLED,36,711,1400,N/A,ENABLED,N/A,62,71
1743771745,0,750,N/A,N/A,N/A,N/A,ENABLED,1280,500,2100,DISABLED,DISABLED,1264,500,2100,DISABLED,DISABLED,1288,500,2100,DISABLED,DISABLED,1272,500,2100,DISABLED,DISABLED,1294,500,2100,DISABLED,DISABLED,1281,500,2100,DISABLED,DISABLED,1285,500,2100,DISABLED,DISABLED,1259,500,2100,DISABLED,DISABLED,1300,900,1500,N/A,DISABLED,42,914,1680,N/A,ENABLED,42,914,1680,N/A,ENABLED,42,914,1680,N/A,ENABLED,42,914,1680,N/A,ENABLED,36,711,1400,N/A,ENABLED,36,711,1400,N/A,ENABLED,36,711,1400,N/A,ENABLED,36,711,1400,N/A,ENABLED,N/A,62,71
1743771747,0,750,N/A,N/A,N/A,N/A,ENABLED,1282,500,2100,DISABLED,DISABLED,1266,500,2100,DISABLED,DISABLED,1290,500,2100,DISABLED,DISABLED,1274,500,2100,DISABLED,DISABLED,1296,500,2100,DISABLED,DISABLED,1283,500,2100,DISABLED,DISABLED,1289,500,2100,DISABLED,DISABLED,1262,500,2100,DISABLED,DISABLED,1300,900,1500,N/A,DISABLED,42,914,1680,N/A,ENABLED,42,914,1680,N/A,ENABLED,42,914,1680,N/A,ENABLED,42,914,1680,N/A,ENABLED,36,711,1400,N/A,ENABLED,36,711,1400,N/A,ENABLED,36,711,1400,N/A,ENABLED,36,711,1400,N/A,ENABLED,N/A,62,71
1743771748,0,721,N/A,N/A,N/A,N/A,ENABLED,1522,500,2100,DISABLED,DISABLED,1503,500,2100,DISABLED,DISABLED,1520,500,2100,DISABLED,DISABLED,1505,500,2100,DISABLED,DISABLED,1532,500,2100,DISABLED,DISABLED,1514,500,2100,DISABLED,DISABLED,1523,500,2100,DISABLED,DISABLED,1496,500,2100,DISABLED,DISABLED,1318,900,1500,N/A,DISABLED,43,914,1680,N/A,ENABLED,43,914,1680,N/A,ENABLED,43,914,1680,N/A,ENABLED,43,914,1680,N/A,ENABLED,36,711,1400,N/A,ENABLED,36,711,1400,N/A,ENABLED,36,711,1400,N/A,ENABLED,36,711,1400,N/A,ENABLED,N/A,62,65
1743771749,0,750,N/A,N/A,N/A,N/A,ENABLED,1279,500,2100,DISABLED,DISABLED,1262,500,2100,DISABLED,DISABLED,1285,500,2100,DISABLED,DISABLED,1270,500,2100,DISABLED,DISABLED,1292,500,2100,DISABLED,DISABLED,1279,500,2100,DISABLED,DISABLED,1283,500,2100,DISABLED,DISABLED,1257,500,2100,DISABLED,DISABLED,1300,900,1500,N/A,DISABLED,42,914,1680,N/A,ENABLED,42,914,1680,N/A,ENABLED,42,914,1680,N/A,ENABLED,42,914,1680,N/A,ENABLED,36,711,1400,N/A,ENABLED,36,711,1400,N/A,ENABLED,36,711,1400,N/A,ENABLED,36,711,1400,N/A,ENABLED,N/A,62,71
1743771750,0,750,N/A,N/A,N/A,N/A,ENABLED,1275,500,2100,DISABLED,DISABLED,1258,500,2100,DISABLED,DISABLED,1281,500,2100,DISABLED,DISABLED,1267,500,2100,DISABLED,DISABLED,1290,500,2100,DISABLED,DISABLED,1276,500,2100,DISABLED,DISABLED,1280,500,2100,DISABLED,DISABLED,1253,500,2100,DISABLED,DISABLED,1296,900,1500,N/A,DISABLED,42,914,1680,N/A,ENABLED,42,914,1680,N/A,ENABLED,42,914,1680,N/A,ENABLED,42,914,1680,N/A,ENABLED,36,711,1400,N/A,ENABLED,36,711,1400,N/A,ENABLED,36,711,1400,N/A,ENABLED,36,711,1400,N/A,ENABLED,N/A,62,71
1743771751,0,750,N/A,N/A,N/A,N/A,ENABLED,1271,500,2100,DISABLED,DISABLED,1252,500,2100,DISABLED,DISABLED,1277,500,2100,DISABLED,DISABLED,1263,500,2100,DISABLED,DISABLED,1285,500,2100,DISABLED,DISABLED,1272,500,2100,DISABLED,DISABLED,1274,500,2100,DISABLED,DISABLED,1247,500,2100,DISABLED,DISABLED,1297,900,1500,N/A,DISABLED,42,914,1680,N/A,ENABLED,42,914,1680,N/A,ENABLED,42,914,1680,N/A,ENABLED,42,914,1680,N/A,ENABLED,36,711,1400,N/A,ENABLED,36,711,1400,N/A,ENABLED,36,711,1400,N/A,ENABLED,36,711,1400,N/A,ENABLED,N/A,62,71
1743771752,0,749,N/A,N/A,N/A,N/A,ENABLED,1316,500,2100,DISABLED,DISABLED,1299,500,2100,DISABLED,DISABLED,1319,500,2100,DISABLED,DISABLED,1307,500,2100,DISABLED,DISABLED,1329,500,2100,DISABLED,DISABLED,1315,500,2100,DISABLED,DISABLED,1321,500,2100,DISABLED,DISABLED,1295,500,2100,DISABLED,DISABLED,1300,900,1500,N/A,DISABLED,42,914,1680,N/A,ENABLED,42,914,1680,N/A,ENABLED,42,914,1680,N/A,ENABLED,42,914,1680,N/A,ENABLED,36,711,1400,N/A,ENABLED,36,711,1400,N/A,ENABLED,36,711,1400,N/A,ENABLED,36,711,1400,N/A,ENABLED,N/A,62,72
1743771754,0,750,N/A,N/A,N/A,N/A,ENABLED,1283,500,2100,DISABLED,DISABLED,1266,500,2100,DISABLED,DISABLED,1290,500,2100,DISABLED,DISABLED,1275,500,2100,DISABLED,DISABLED,1296,500,2100,DISABLED,DISABLED,1283,500,2100,DISABLED,DISABLED,1288,500,2100,DISABLED,DISABLED,1262,500,2100,DISABLED,DISABLED,1300,900,1500,N/A,DISABLED,42,914,1680,N/A,ENABLED,42,914,1680,N/A,ENABLED,42,914,1680,N/A,ENABLED,42,914,1680,N/A,ENABLED,36,711,1400,N/A,ENABLED,36,711,1400,N/A,ENABLED,36,711,1400,N/A,ENABLED,36,711,1400,N/A,ENABLED,N/A,62,71
1743771755,0,750,N/A,N/A,N/A,N/A,ENABLED,1282,500,2100,DISABLED,DISABLED,1265,500,2100,DISABLED,DISABLED,1288,500,2100,DISABLED,DISABLED,1272,500,2100,DISABLED,DISABLED,1294,500,2100,DISABLED,DISABLED,1282,500,2100,DISABLED,DISABLED,1286,500,2100,DISABLED,DISABLED,1260,500,2100,DISABLED,DISABLED,1300,900,1500,N/A,DISABLED,42,914,1680,N/A,ENABLED,42,914,1680,N/A,ENABLED,42,914,1680,N/A,ENABLED,42,914,1680,N/A,ENABLED,36,711,1400,N/A,ENABLED,36,711,1400,N/A,ENABLED,36,711,1400,N/A,ENABLED,36,711,1400,N/A,ENABLED,N/A,63,72
1743771756,0,750,N/A,N/A,N/A,N/A,ENABLED,1284,500,2100,DISABLED,DISABLED,1268,500,2100,DISABLED,DISABLED,1291,500,2100,DISABLED,DISABLED,1275,500,2100,DISABLED,DISABLED,1297,500,2100,DISABLED,DISABLED,1284,500,2100,DISABLED,DISABLED,1290,500,2100,DISABLED,DISABLED,1264,500,2100,DISABLED,DISABLED,1300,900,1500,N/A,DISABLED,42,914,1680,N/A,ENABLED,42,914,1680,N/A,ENABLED,42,914,1680,N/A,ENABLED,42,914,1680,N/A,ENABLED,36,711,1400,N/A,ENABLED,36,711,1400,N/A,ENABLED,36,711,1400,N/A,ENABLED,36,711,1400,N/A,ENABLED,N/A,63,72
1743771757,0,750,N/A,N/A,N/A,N/A,ENABLED,1277,500,2100,DISABLED,DISABLED,1261,500,2100,DISABLED,DISABLED,1285,500,2100,DISABLED,DISABLED,1268,500,2100,DISABLED,DISABLED,1291,500,2100,DISABLED,DISABLED,1278,500,2100,DISABLED,DISABLED,1282,500,2100,DISABLED,DISABLED,1256,500,2100,DISABLED,DISABLED,1300,900,1500,N/A,DISABLED,42,914,1680,N/A,ENABLED,42,914,1680,N/A,ENABLED,42,914,1680,N/A,ENABLED,42,914,1680,N/A,ENABLED,36,711,1400,N/A,ENABLED,36,711,1400,N/A,ENABLED,36,711,1400,N/A,ENABLED,36,711,1400,N/A,ENABLED,N/A,63,72
1743771758,0,714,N/A,N/A,N/A,N/A,ENABLED,1486,500,2100,DISABLED,DISABLED,1468,500,2100,DISABLED,DISABLED,1491,500,2100,DISABLED,DISABLED,1477,500,2100,DISABLED,DISABLED,1501,500,2100,DISABLED,DISABLED,1482,500,2100,DISABLED,DISABLED,1495,500,2100,DISABLED,DISABLED,1468,500,2100,DISABLED,DISABLED,1321,900,1500,N/A,DISABLED,43,914,1680,N/A,ENABLED,43,914,1680,N/A,ENABLED,43,914,1680,N/A,ENABLED,43,914,1680,N/A,ENABLED,37,711,1400,N/A,ENABLED,37,711,1400,N/A,ENABLED,37,711,1400,N/A,ENABLED,37,711,1400,N/A,ENABLED,N/A,63,68
1743771760,0,750,N/A,N/A,N/A,N/A,ENABLED,1277,500,2100,DISABLED,DISABLED,1261,500,2100,DISABLED,DISABLED,1284,500,2100,DISABLED,DISABLED,1268,500,2100,DISABLED,DISABLED,1291,500,2100,DISABLED,DISABLED,1277,500,2100,DISABLED,DISABLED,1282,500,2100,DISABLED,DISABLED,1256,500,2100,DISABLED,DISABLED,1300,900,1500,N/A,DISABLED,42,914,1680,N/A,ENABLED,42,914,1680,N/A,ENABLED,42,914,1680,N/A,ENABLED,42,914,1680,N/A,ENABLED,36,711,1400,N/A,ENABLED,36,711,1400,N/A,ENABLED,36,711,1400,N/A,ENABLED,36,711,1400,N/A,ENABLED,N/A,63,72
1743771761,0,750,N/A,N/A,N/A,N/A,ENABLED,1271,500,2100,DISABLED,DISABLED,1256,500,2100,DISABLED,DISABLED,1277,500,2100,DISABLED,DISABLED,1262,500,2100,DISABLED,DISABLED,1284,500,2100,DISABLED,DISABLED,1270,500,2100,DISABLED,DISABLED,1277,500,2100,DISABLED,DISABLED,1251,500,2100,DISABLED,DISABLED,1295,900,1500,N/A,DISABLED,42,914,1680,N/A,ENABLED,42,914,1680,N/A,ENABLED,42,914,1680,N/A,ENABLED,42,914,1680,N/A,ENABLED,36,711,1400,N/A,ENABLED,36,711,1400,N/A,ENABLED,36,711,1400,N/A,ENABLED,36,711,1400,N/A,ENABLED,N/A,63,73
1743771762,0,750,N/A,N/A,N/A,N/A,ENABLED,1264,500,2100,DISABLED,DISABLED,1249,500,2100,DISABLED,DISABLED,1270,500,2100,DISABLED,DISABLED,1256,500,2100,DISABLED,DISABLED,1274,500,2100,DISABLED,DISABLED,1260,500,2100,DISABLED,DISABLED,1268,500,2100,DISABLED,DISABLED,1241,500,2100,DISABLED,DISABLED,1296,900,1500,N/A,DISABLED,42,914,1680,N/A,ENABLED,42,914,1680,N/A,ENABLED,42,914,1680,N/A,ENABLED,42,914,1680,N/A,ENABLED,36,711,1400,N/A,ENABLED,36,711,1400,N/A,ENABLED,36,711,1400,N/A,ENABLED,36,711,1400,N/A,ENABLED,N/A,64,74
1743771763,0,749,N/A,N/A,N/A,N/A,ENABLED,1301,500,2100,DISABLED,DISABLED,1284,500,2100,DISABLED,DISABLED,1305,500,2100,DISABLED,DISABLED,1292,500,2100,DISABLED,DISABLED,1314,500,2100,DISABLED,DISABLED,1301,500,2100,DISABLED,DISABLED,1306,500,2100,DISABLED,DISABLED,1280,500,2100,DISABLED,DISABLED,1297,900,1500,N/A,DISABLED,42,914,1680,N/A,ENABLED,42,914,1680,N/A,ENABLED,42,914,1680,N/A,ENABLED,42,914,1680,N/A,ENABLED,36,711,1400,N/A,ENABLED,36,711,1400,N/A,ENABLED,36,711,1400,N/A,ENABLED,36,711,1400,N/A,ENABLED,N/A,64,73
1743771764,0,750,N/A,N/A,N/A,N/A,ENABLED,1277,500,2100,DISABLED,DISABLED,1258,500,2100,DISABLED,DISABLED,1283,500,2100,DISABLED,DISABLED,1267,500,2100,DISABLED,DISABLED,1290,500,2100,DISABLED,DISABLED,1277,500,2100,DISABLED,DISABLED,1282,500,2100,DISABLED,DISABLED,1254,500,2100,DISABLED,DISABLED,1300,900,1500,N/A,DISABLED,42,914,1680,N/A,ENABLED,42,914,1680,N/A,ENABLED,42,914,1680,N/A,ENABLED,42,914,1680,N/A,ENABLED,36,711,1400,N/A,ENABLED,36,711,1400,N/A,ENABLED,36,711,1400,N/A,ENABLED,36,711,1400,N/A,ENABLED,N/A,64,73
1743771765,0,750,N/A,N/A,N/A,N/A,ENABLED,1271,500,2100,DISABLED,DISABLED,1253,500,2100,DISABLED,DISABLED,1277,500,2100,DISABLED,DISABLED,1260,500,2100,DISABLED,DISABLED,1284,500,2100,DISABLED,DISABLED,1272,500,2100,DISABLED,DISABLED,1275,500,2100,DISABLED,DISABLED,1248,500,2100,DISABLED,DISABLED,1300,900,1500,N/A,DISABLED,42,914,1680,N/A,ENABLED,42,914,1680,N/A,ENABLED,42,914,1680,N/A,ENABLED,42,914,1680,N/A,ENABLED,36,711,1400,N/A,ENABLED,36,711,1400,N/A,ENABLED,36,711,1400,N/A,ENABLED,36,711,1400,N/A,ENABLED,N/A,64,74
1743771767,0,749,N/A,N/A,N/A,N/A,ENABLED,1265,500,2100,DISABLED,DISABLED,1248,500,2100,DISABLED,DISABLED,1267,500,2100,DISABLED,DISABLED,1253,500,2100,DISABLED,DISABLED,1273,500,2100,DISABLED,DISABLED,1259,500,2100,DISABLED,DISABLED,1267,500,2100,DISABLED,DISABLED,1240,500,2100,DISABLED,DISABLED,1285,900,1500,N/A,DISABLED,41,914,1680,N/A,ENABLED,41,914,1680,N/A,ENABLED,41,914,1680,N/A,ENABLED,41,914,1680,N/A,ENABLED,35,711,1400,N/A,ENABLED,35,711,1400,N/A,ENABLED,35,711,1400,N/A,ENABLED,35,711,1400,N/A,ENABLED,N/A,64,74
1743771768,0,750,N/A,N/A,N/A,N/A,ENABLED,1265,500,2100,DISABLED,DISABLED,1246,500,2100,DISABLED,DISABLED,1267,500,2100,DISABLED,DISABLED,1252,500,2100,DISABLED,DISABLED,1273,500,2100,DISABLED,DISABLED,1258,500,2100,DISABLED,DISABLED,1266,500,2100,DISABLED,DISABLED,1239,500,2100,DISABLED,DISABLED,1287,900,1500,N/A,DISABLED,41,914,1680,N/A,ENABLED,41,914,1680,N/A,ENABLED,41,914,1680,N/A,ENABLED,41,914,1680,N/A,ENABLED,35,711,1400,N/A,ENABLED,35,711,1400,N/A,ENABLED,35,711,1400,N/A,ENABLED,35,711,1400,N/A,ENABLED,N/A,64,74
1743771769,0,703,N/A,N/A,N/A,N/A,ENABLED,1499,500,2100,DISABLED,DISABLED,1484,500,2100,DISABLED,DISABLED,1505,500,2100,DISABLED,DISABLED,1493,500,2100,DISABLED,DISABLED,1513,500,2100,DISABLED,DISABLED,1498,500,2100,DISABLED,DISABLED,1502,500,2100,DISABLED,DISABLED,1475,500,2100,DISABLED,DISABLED,1345,900,1500,N/A,DISABLED,44,914,1680,N/A,ENABLED,44,914,1680,N/A,ENABLED,44,914,1680,N/A,ENABLED,44,914,1680,N/A,ENABLED,38,711,1400,N/A,ENABLED,38,711,1400,N/A,ENABLED,38,711,1400,N/A,ENABLED,38,711,1400,N/A,ENABLED,N/A,65,69
1743771770,0,750,N/A,N/A,N/A,N/A,ENABLED,1275,500,2100,DISABLED,DISABLED,1256,500,2100,DISABLED,DISABLED,1278,500,2100,DISABLED,DISABLED,1262,500,2100,DISABLED,DISABLED,1284,500,2100,DISABLED,DISABLED,1270,500,2100,DISABLED,DISABLED,1278,500,2100,DISABLED,DISABLED,1251,500,2100,DISABLED,DISABLED,1288,900,1500,N/A,DISABLED,41,914,1680,N/A,ENABLED,41,914,1680,N/A,ENABLED,41,914,1680,N/A,ENABLED,41,914,1680,N/A,ENABLED,35,711,1400,N/A,ENABLED,35,711,1400,N/A,ENABLED,35,711,1400,N/A,ENABLED,35,711,1400,N/A,ENABLED,N/A,65,74
1743771771,0,750,N/A,N/A,N/A,N/A,ENABLED,1270,500,2100,DISABLED,DISABLED,1252,500,2100,DISABLED,DISABLED,1272,500,2100,DISABLED,DISABLED,1258,500,2100,DISABLED,DISABLED,1278,500,2100,DISABLED,DISABLED,1266,500,2100,DISABLED,DISABLED,1272,500,2100,DISABLED,DISABLED,1246,500,2100,DISABLED,DISABLED,1292,900,1500,N/A,DISABLED,41,914,1680,N/A,ENABLED,41,914,1680,N/A,ENABLED,41,914,1680,N/A,ENABLED,41,914,1680,N/A,ENABLED,35,711,1400,N/A,ENABLED,35,711,1400,N/A,ENABLED,35,711,1400,N/A,ENABLED,35,711,1400,N/A,ENABLED,N/A,65,75
1743771772,0,750,N/A,N/A,N/A,N/A,ENABLED,1267,500,2100,DISABLED,DISABLED,1248,500,2100,DISABLED,DISABLED,1268,500,2100,DISABLED,DISABLED,1254,500,2100,DISABLED,DISABLED,1274,500,2100,DISABLED,DISABLED,1262,500,2100,DISABLED,DISABLED,1268,500,2100,DISABLED,DISABLED,1241,500,2100,DISABLED,DISABLED,1294,900,1500,N/A,DISABLED,41,914,1680,N/A,ENABLED,41,914,1680,N/A,ENABLED,41,914,1680,N/A,ENABLED,41,914,1680,N/A,ENABLED,36,711,1400,N/A,ENABLED,36,711,1400,N/A,ENABLED,36,711,1400,N/A,ENABLED,36,711,1400,N/A,ENABLED,N/A,65,75
1743771774,0,749,N/A,N/A,N/A,N/A,ENABLED,1287,500,2100,DISABLED,DISABLED,1270,500,2100,DISABLED,DISABLED,1291,500,2100,DISABLED,DISABLED,1274,500,2100,DISABLED,DISABLED,1295,500,2100,DISABLED,DISABLED,1284,500,2100,DISABLED,DISABLED,1293,500,2100,DISABLED,DISABLED,1265,500,2100,DISABLED,DISABLED,1297,900,1500,N/A,DISABLED,42,914,1680,N/A,ENABLED,42,914,1680,N/A,ENABLED,42,914,1680,N/A,ENABLED,42,914,1680,N/A,ENABLED,36,711,1400,N/A,ENABLED,36,711,1400,N/A,ENABLED,36,711,1400,N/A,ENABLED,36,711,1400,N/A,ENABLED,N/A,65,75
1743771775,0,750,N/A,N/A,N/A,N/A,ENABLED,1268,500,2100,DISABLED,DISABLED,1250,500,2100,DISABLED,DISABLED,1272,500,2100,DISABLED,DISABLED,1258,500,2100,DISABLED,DISABLED,1278,500,2100,DISABLED,DISABLED,1266,500,2100,DISABLED,DISABLED,1271,500,2100,DISABLED,DISABLED,1244,500,2100,DISABLED,DISABLED,1290,900,1500,N/A,DISABLED,41,914,1680,N/A,ENABLED,41,914,1680,N/A,ENABLED,41,914,1680,N/A,ENABLED,41,914,1680,N/A,ENABLED,35,711,1400,N/A,ENABLED,35,711,1400,N/A,ENABLED,35,711,1400,N/A,ENABLED,35,711,1400,N/A,ENABLED,N/A,66,75
1743771776,0,750,N/A,N/A,N/A,N/A,ENABLED,1270,500,2100,DISABLED,DISABLED,1252,500,2100,DISABLED,DISABLED,1272,500,2100,DISABLED,DISABLED,1258,500,2100,DISABLED,DISABLED,1277,500,2100,DISABLED,DISABLED,1265,500,2100,DISABLED,DISABLED,1272,500,2100,DISABLED,DISABLED,1244,500,2100,DISABLED,DISABLED,1289,900,1500,N/A,DISABLED,41,914,1680,N/A,ENABLED,41,914,1680,N/A,ENABLED,41,914,1680,N/A,ENABLED,41,914,1680,N/A,ENABLED,35,711,1400,N/A,ENABLED,35,711,1400,N/A,ENABLED,35,711,1400,N/A,ENABLED,35,711,1400,N/A,ENABLED,N/A,66,75
1743771777,0,750,N/A,N/A,N/A,N/A,ENABLED,1265,500,2100,DISABLED,DISABLED,1248,500,2100,DISABLED,DISABLED,1265,500,2100,DISABLED,DISABLED,1253,500,2100,DISABLED,DISABLED,1271,500,2100,DISABLED,DISABLED,1259,500,2100,DISABLED,DISABLED,1267,500,2100,DISABLED,DISABLED,1240,500,2100,DISABLED,DISABLED,1288,900,1500,N/A,DISABLED,41,914,1680,N/A,ENABLED,41,914,1680,N/A,ENABLED,41,914,1680,N/A,ENABLED,41,914,1680,N/A,ENABLED,35,711,1400,N/A,ENABLED,35,711,1400,N/A,ENABLED,35,711,1400,N/A,ENABLED,35,711,1400,N/A,ENABLED,N/A,66,76
1743771778,0,749,N/A,N/A,N/A,N/A,ENABLED,1266,500,2100,DISABLED,DISABLED,1252,500,2100,DISABLED,DISABLED,1267,500,2100,DISABLED,DISABLED,1255,500,2100,DISABLED,DISABLED,1272,500,2100,DISABLED,DISABLED,1260,500,2100,DISABLED,DISABLED,1271,500,2100,DISABLED,DISABLED,1244,500,2100,DISABLED,DISABLED,1280,900,1500,N/A,DISABLED,41,914,1680,N/A,ENABLED,41,914,1680,N/A,ENABLED,41,914,1680,N/A,ENABLED,41,914,1680,N/A,ENABLED,35,711,1400,N/A,ENABLED,35,711,1400,N/A,ENABLED,35,711,1400,N/A,ENABLED,35,711,1400,N/A,ENABLED,N/A,66,76
1743771780,0,747,N/A,N/A,N/A,N/A,ENABLED,1308,500,2100,DISABLED,DISABLED,1294,500,2100,DISABLED,DISABLED,1316,500,2100,DISABLED,DISABLED,1302,500,2100,DISABLED,DISABLED,1320,500,2100,DISABLED,DISABLED,1310,500,2100,DISABLED,DISABLED,1315,500,2100,DISABLED,DISABLED,1289,500,2100,DISABLED,DISABLED,1300,900,1500,N/A,DISABLED,42,914,1680,N/A,ENABLED,42,914,1680,N/A,ENABLED,42,914,1680,N/A,ENABLED,42,914,1680,N/A,ENABLED,36,711,1400,N/A,ENABLED,36,711,1400,N/A,ENABLED,36,711,1400,N/A,ENABLED,36,711,1400,N/A,ENABLED,N/A,66,76
1743771781,0,750,N/A,N/A,N/A,N/A,ENABLED,1274,500,2100,DISABLED,DISABLED,1257,500,2100,DISABLED,DISABLED,1275,500,2100,DISABLED,DISABLED,1264,500,2100,DISABLED,DISABLED,1283,500,2100,DISABLED,DISABLED,1270,500,2100,DISABLED,DISABLED,1276,500,2100,DISABLED,DISABLED,1249,500,2100,DISABLED,DISABLED,1285,900,1500,N/A,DISABLED,41,914,1680,N/A,ENABLED,41,914,1680,N/A,ENABLED,41,914,1680,N/A,ENABLED,41,914,1680,N/A,ENABLED,35,711,1400,N/A,ENABLED,35,711,1400,N/A,ENABLED,35,711,1400,N/A,ENABLED,35,711,1400,N/A,ENABLED,N/A,66,76
1743771782,0,750,N/A,N/A,N/A,N/A,ENABLED,1270,500,2100,DISABLED,DISABLED,1253,500,2100,DISABLED,DISABLED,1270,500,2100,DISABLED,DISABLED,1257,500,2100,DISABLED,DISABLED,1276,500,2100,DISABLED,DISABLED,1263,500,2100,DISABLED,DISABLED,1274,500,2100,DISABLED,DISABLED,1246,500,2100,DISABLED,DISABLED,1286,900,1500,N/A,DISABLED,41,914,1680,N/A,ENABLED,41,914,1680,N/A,ENABLED,41,914,1680,N/A,ENABLED,41,914,1680,N/A,ENABLED,35,711,1400,N/A,ENABLED,35,711,1400,N/A,ENABLED,35,711,1400,N/A,ENABLED,35,711,1400,N/A,ENABLED,N/A,66,76
1743771783,0,749,N/A,N/A,N/A,N/A,ENABLED,1270,500,2100,DISABLED,DISABLED,1254,500,2100,DISABLED,DISABLED,1271,500,2100,DISABLED,DISABLED,1258,500,2100,DISABLED,DISABLED,1277,500,2100,DISABLED,DISABLED,1265,500,2100,DISABLED,DISABLED,1273,500,2100,DISABLED,DISABLED,1246,500,2100,DISABLED,DISABLED,1281,900,1500,N/A,DISABLED,41,914,1680,N/A,ENABLED,41,914,1680,N/A,ENABLED,41,914,1680,N/A,ENABLED,41,914,1680,N/A,ENABLED,35,711,1400,N/A,ENABLED,35,711,1400,N/A,ENABLED,35,711,1400,N/A,ENABLED,35,711,1400,N/A,ENABLED,N/A,66,76
1743771784,0,750,N/A,N/A,N/A,N/A,ENABLED,1276,500,2100,DISABLED,DISABLED,1258,500,2100,DISABLED,DISABLED,1278,500,2100,DISABLED,DISABLED,1263,500,2100,DISABLED,DISABLED,1282,500,2100,DISABLED,DISABLED,1270,500,2100,DISABLED,DISABLED,1279,500,2100,DISABLED,DISABLED,1253,500,2100,DISABLED,DISABLED,1279,900,1500,N/A,DISABLED,41,914,1680,N/A,ENABLED,41,914,1680,N/A,ENABLED,41,914,1680,N/A,ENABLED,41,914,1680,N/A,ENABLED,35,711,1400,N/A,ENABLED,35,711,1400,N/A,ENABLED,35,711,1400,N/A,ENABLED,35,711,1400,N/A,ENABLED,N/A,66,76
1743771785,0,750,N/A,N/A,N/A,N/A,ENABLED,1263,500,2100,DISABLED,DISABLED,1246,500,2100,DISABLED,DISABLED,1265,500,2100,DISABLED,DISABLED,1252,500,2100,DISABLED,DISABLED,1272,500,2100,DISABLED,DISABLED,1259,500,2100,DISABLED,DISABLED,1265,500,2100,DISABLED,DISABLED,1237,500,2100,DISABLED,DISABLED,1299,900,1500,N/A,DISABLED,42,914,1680,N/A,ENABLED,42,914,1680,N/A,ENABLED,42,914,1680,N/A,ENABLED,42,914,1680,N/A,ENABLED,36,711,1400,N/A,ENABLED,36,711,1400,N/A,ENABLED,36,711,1400,N/A,ENABLED,36,711,1400,N/A,ENABLED,N/A,67,76
1743771787,0,750,N/A,N/A,N/A,N/A,ENABLED,1266,500,2100,DISABLED,DISABLED,1249,500,2100,DISABLED,DISABLED,1268,500,2100,DISABLED,DISABLED,1253,500,2100,DISABLED,DISABLED,1273,500,2100,DISABLED,DISABLED,1260,500,2100,DISABLED,DISABLED,1269,500,2100,DISABLED,DISABLED,1242,500,2100,DISABLED,DISABLED,1289,900,1500,N/A,DISABLED,41,914,1680,N/A,ENABLED,41,914,1680,N/A,ENABLED,41,914,1680,N/A,ENABLED,41,914,1680,N/A,ENABLED,35,711,1400,N/A,ENABLED,35,711,1400,N/A,ENABLED,35,711,1400,N/A,ENABLED,35,711,1400,N/A,ENABLED,N/A,67,76
1743771788,0,750,N/A,N/A,N/A,N/A,ENABLED,1265,500,2100,DISABLED,DISABLED,1249,500,2100,DISABLED,DISABLED,1266,500,2100,DISABLED,DISABLED,1253,500,2100,DISABLED,DISABLED,1271,500,2100,DISABLED,DISABLED,1259,500,2100,DISABLED,DISABLED,1269,500,2100,DISABLED,DISABLED,1242,500,2100,DISABLED,DISABLED,1287,900,1500,N/A,DISABLED,41,914,1680,N/A,ENABLED,41,914,1680,N/A,ENABLED,41,914,1680,N/A,ENABLED,41,914,1680,N/A,ENABLED,35,711,1400,N/A,ENABLED,35,711,1400,N/A,ENABLED,35,711,1400,N/A,ENABLED,35,711,1400,N/A,ENABLED,N/A,67,76
1743771789,0,750,N/A,N/A,N/A,N/A,ENABLED,1267,500,2100,DISABLED,DISABLED,1250,500,2100,DISABLED,DISABLED,1269,500,2100,DISABLED,DISABLED,1255,500,2100,DISABLED,DISABLED,1274,500,2100,DISABLED,DISABLED,1261,500,2100,DISABLED,DISABLED,1270,500,2100,DISABLED,DISABLED,1243,500,2100,DISABLED,DISABLED,1285,900,1500,N/A,DISABLED,41,914,1680,N/A,ENABLED,41,914,1680,N/A,ENABLED,41,914,1680,N/A,ENABLED,41,914,1680,N/A,ENABLED,35,711,1400,N/A,ENABLED,35,711,1400,N/A,ENABLED,35,711,1400,N/A,ENABLED,35,711,1400,N/A,ENABLED,N/A,67,76
1743771790,0,750,N/A,N/A,N/A,N/A,ENABLED,1304,500,2100,DISABLED,DISABLED,1290,500,2100,DISABLED,DISABLED,1310,500,2100,DISABLED,DISABLED,1296,500,2100,DISABLED,DISABLED,1315,500,2100,DISABLED,DISABLED,1305,500,2100,DISABLED,DISABLED,1310,500,2100,DISABLED,DISABLED,1283,500,2100,DISABLED,DISABLED,1300,900,1500,N/A,DISABLED,42,914,1680,N/A,ENABLED,42,914,1680,N/A,ENABLED,42,914,1680,N/A,ENABLED,42,914,1680,N/A,ENABLED,36,711,1400,N/A,ENABLED,36,711,1400,N/A,ENABLED,36,711,1400,N/A,ENABLED,36,711,1400,N/A,ENABLED,N/A,67,76
1743771791,0,750,N/A,N/A,N/A,N/A,ENABLED,1272,500,2100,DISABLED,DISABLED,1256,500,2100,DISABLED,DISABLED,1275,500,2100,DISABLED,DISABLED,1259,500,2100,DISABLED,DISABLED,1280,500,2100,DISABLED,DISABLED,1267,500,2100,DISABLED,DISABLED,1276,500,2100,DISABLED,DISABLED,1249,500,2100,DISABLED,DISABLED,1270,900,1500,N/A,DISABLED,41,914,1680,N/A,ENABLED,41,914,1680,N/A,ENABLED,41,914,1680,N/A,ENABLED,41,914,1680,N/A,ENABLED,35,711,1400,N/A,ENABLED,35,711,1400,N/A,ENABLED,35,711,1400,N/A,ENABLED,35,711,1400,N/A,ENABLED,N/A,67,76
1743771793,0,750,N/A,N/A,N/A,N/A,ENABLED,1266,500,2100,DISABLED,DISABLED,1250,500,2100,DISABLED,DISABLED,1268,500,2100,DISABLED,DISABLED,1254,500,2100,DISABLED,DISABLED,1273,500,2100,DISABLED,DISABLED,1260,500,2100,DISABLED,DISABLED,1270,500,2100,DISABLED,DISABLED,1242,500,2100,DISABLED,DISABLED,1278,900,1500,N/A,DISABLED,41,914,1680,N/A,ENABLED,41,914,1680,N/A,ENABLED,41,914,1680,N/A,ENABLED,41,914,1680,N/A,ENABLED,35,711,1400,N/A,ENABLED,35,711,1400,N/A,ENABLED,35,711,1400,N/A,ENABLED,35,711,1400,N/A,ENABLED,N/A,67,77
1743771794,0,750,N/A,N/A,N/A,N/A,ENABLED,1274,500,2100,DISABLED,DISABLED,1260,500,2100,DISABLED,DISABLED,1277,500,2100,DISABLED,DISABLED,1263,500,2100,DISABLED,DISABLED,1283,500,2100,DISABLED,DISABLED,1272,500,2100,DISABLED,DISABLED,1278,500,2100,DISABLED,DISABLED,1252,500,2100,DISABLED,DISABLED,1255,900,1500,N/A,DISABLED,40,914,1680,N/A,ENABLED,40,914,1680,N/A,ENABLED,40,914,1680,N/A,ENABLED,40,914,1680,N/A,ENABLED,34,711,1400,N/A,ENABLED,34,711,1400,N/A,ENABLED,34,711,1400,N/A,ENABLED,34,711,1400,N/A,ENABLED,N/A,67,76
1743771795,0,750,N/A,N/A,N/A,N/A,ENABLED,1277,500,2100,DISABLED,DISABLED,1262,500,2100,DISABLED,DISABLED,1277,500,2100,DISABLED,DISABLED,1264,500,2100,DISABLED,DISABLED,1283,500,2100,DISABLED,DISABLED,1271,500,2100,DISABLED,DISABLED,1280,500,2100,DISABLED,DISABLED,1253,500,2100,DISABLED,DISABLED,1248,900,1500,N/A,DISABLED,40,914,1680,N/A,ENABLED,40,914,1680,N/A,ENABLED,40,914,1680,N/A,ENABLED,40,914,1680,N/A,ENABLED,34,711,1400,N/A,ENABLED,34,711,1400,N/A,ENABLED,34,711,1400,N/A,ENABLED,34,711,1400,N/A,ENABLED,N/A,67,77
1743771796,0,233,N/A,N/A,N/A,N/A,ENABLED,216,218,2100,DISABLED,DISABLED,215,218,2100,DISABLED,DISABLED,215,218,2100,DISABLED,DISABLED,215,218,2100,DISABLED,DISABLED,216,218,2100,DISABLED,DISABLED,216,218,2100,DISABLED,DISABLED,216,218,2100,DISABLED,DISABLED,216,218,2100,DISABLED,DISABLED,1496,900,1500,N/A,DISABLED,52,914,1680,N/A,ENABLED,52,914,1680,N/A,ENABLED,52,914,1680,N/A,ENABLED,52,914,1680,N/A,ENABLED,44,711,1400,N/A,ENABLED,44,711,1400,N/A,ENABLED,44,711,1400,N/A,ENABLED,44,711,1400,N/A,ENABLED,N/A,65,61
1743771797,0,214,N/A,N/A,N/A,N/A,ENABLED,132,500,2100,DISABLED,ENABLED,131,500,2100,DISABLED,ENABLED,131,500,2100,DISABLED,ENABLED,132,500,2100,DISABLED,ENABLED,132,500,2100,DISABLED,ENABLED,132,500,2100,DISABLED,ENABLED,132,500,2100,DISABLED,ENABLED,132,500,2100,DISABLED,ENABLED,1500,900,1500,N/A,DISABLED,53,914,1680,N/A,ENABLED,53,914,1680,N/A,ENABLED,53,914,1680,N/A,ENABLED,53,914,1680,N/A,ENABLED,44,711,1400,N/A,ENABLED,44,711,1400,N/A,ENABLED,44,711,1400,N/A,ENABLED,44,711,1400,N/A,ENABLED,N/A,60,58
1743771798,0,138,N/A,N/A,N/A,N/A,ENABLED,132,500,2100,DISABLED,ENABLED,131,500,2100,DISABLED,ENABLED,131,500,2100,DISABLED,ENABLED,132,500,2100,DISABLED,ENABLED,132,500,2100,DISABLED,ENABLED,132,500,2100,DISABLED,ENABLED,132,500,2100,DISABLED,ENABLED,132,500,2100,DISABLED,ENABLED,930,900,1500,N/A,DISABLED,30,914,1680,N/A,ENABLED,30,914,1680,N/A,ENABLED,30,914,1680,N/A,ENABLED,30,914,1680,N/A,ENABLED,23,711,1400,N/A,ENABLED,23,711,1400,N/A,ENABLED,23,711,1400,N/A,ENABLED,23,711,1400,N/A,ENABLED,N/A,58,56
1743771800,0,133,N/A,N/A,N/A,N/A,ENABLED,132,500,2100,DISABLED,ENABLED,131,500,2100,DISABLED,ENABLED,131,500,2100,DISABLED,ENABLED,132,500,2100,DISABLED,ENABLED,132,500,2100,DISABLED,ENABLED,132,500,2100,DISABLED,ENABLED,132,500,2100,DISABLED,ENABLED,132,500,2100,DISABLED,ENABLED,900,900,1500,N/A,DISABLED,29,914,1680,N/A,ENABLED,29,914,1680,N/A,ENABLED,29,914,1680,N/A,ENABLED,29,914,1680,N/A,ENABLED,22,711,1400,N/A,ENABLED,22,711,1400,N/A,ENABLED,22,711,1400,N/A,ENABLED,22,711,1400,N/A,ENABLED,N/A,57,55
1743771801,0,132,N/A,N/A,N/A,N/A,ENABLED,132,500,2100,DISABLED,ENABLED,131,500,2100,DISABLED,ENABLED,131,500,2100,DISABLED,ENABLED,132,500,2100,DISABLED,ENABLED,132,500,2100,DISABLED,ENABLED,132,500,2100,DISABLED,ENABLED,132,500,2100,DISABLED,ENABLED,132,500,2100,DISABLED,ENABLED,900,900,1500,N/A,DISABLED,29,914,1680,N/A,ENABLED,29,914,1680,N/A,ENABLED,29,914,1680,N/A,ENABLED,29,914,1680,N/A,ENABLED,22,711,1400,N/A,ENABLED,22,711,1400,N/A,ENABLED,22,711,1400,N/A,ENABLED,22,711,1400,N/A,ENABLED,N/A,56,55
1743771802,0,133,N/A,N/A,N/A,N/A,ENABLED,138,142,2100,DISABLED,ENABLED,131,142,2100,DISABLED,ENABLED,131,142,2100,DISABLED,ENABLED,132,142,2100,DISABLED,ENABLED,132,142,2100,DISABLED,ENABLED,132,142,2100,DISABLED,ENABLED,132,142,2100,DISABLED,ENABLED,132,142,2100,DISABLED,ENABLED,900,900,1500,N/A,DISABLED,29,914,1680,N/A,ENABLED,29,914,1680,N/A,ENABLED,29,914,1680,N/A,ENABLED,29,914,1680,N/A,ENABLED,22,711,1400,N/A,ENABLED,22,711,1400,N/A,ENABLED,22,711,1400,N/A,ENABLED,22,711,1400,N/A,ENABLED,N/A,55,54
1743771803,0,131,N/A,N/A,N/A,N/A,ENABLED,133,500,2100,DISABLED,ENABLED,131,500,2100,DISABLED,ENABLED,131,500,2100,DISABLED,ENABLED,132,500,2100,DISABLED,ENABLED,132,500,2100,DISABLED,ENABLED,132,500,2100,DISABLED,ENABLED,132,500,2100,DISABLED,ENABLED,132,500,2100,DISABLED,ENABLED,900,900,1500,N/A,DISABLED,29,914,1680,N/A,ENABLED,29,914,1680,N/A,ENABLED,29,914,1680,N/A,ENABLED,29,914,1680,N/A,ENABLED,22,711,1400,N/A,ENABLED,22,711,1400,N/A,ENABLED,22,711,1400,N/A,ENABLED,22,711,1400,N/A,ENABLED,N/A,55,53
1743771804,0,130,N/A,N/A,N/A,N/A,ENABLED,133,500,2100,DISABLED,ENABLED,131,500,2100,DISABLED,ENABLED,131,500,2100,DISABLED,ENABLED,132,500,2100,DISABLED,ENABLED,132,500,2100,DISABLED,ENABLED,132,500,2100,DISABLED,ENABLED,132,500,2100,DISABLED,ENABLED,132,500,2100,DISABLED,ENABLED,900,900,1500,N/A,DISABLED,29,914,1680,N/A,ENABLED,29,914,1680,N/A,ENABLED,29,914,1680,N/A,ENABLED,29,914,1680,N/A,ENABLED,22,711,1400,N/A,ENABLED,22,711,1400,N/A,ENABLED,22,711,1400,N/A,ENABLED,22,711,1400,N/A,ENABLED,N/A,54,53
1743771806,0,131,N/A,N/A,N/A,N/A,ENABLED,133,500,2100,DISABLED,ENABLED,131,500,2100,DISABLED,ENABLED,131,500,2100,DISABLED,ENABLED,132,500,2100,DISABLED,ENABLED,132,500,2100,DISABLED,ENABLED,132,500,2100,DISABLED,ENABLED,132,500,2100,DISABLED,ENABLED,132,500,2100,DISABLED,ENABLED,900,900,1500,N/A,DISABLED,29,914,1680,N/A,ENABLED,29,914,1680,N/A,ENABLED,29,914,1680,N/A,ENABLED,29,914,1680,N/A,ENABLED,22,711,1400,N/A,ENABLED,22,711,1400,N/A,ENABLED,22,711,1400,N/A,ENABLED,22,711,1400,N/A,ENABLED,N/A,54,52
